{
  "Positions": [
    [
      22.277156829833984,
      29.795505523681641
    ],
    [
      25.0443115234375,
      30.343832015991211
    ],
    [
      27.671789169311523,
      31.417621612548828
    ],
    [
      30.299266815185547,
      32.491413116455078
    ],
    [
      33.066421508789063,
      33.039737701416016
    ],
    [
      30.228010177612305,
      33.030433654785156
    ],
    [
      27.457321166992188,
      33.560611724853516
    ],
    [
      24.742769241333008,
      34.377006530761719
    ],
    [
      21.921968460083008,
      34.406719207763672
    ],
    [
      19.296173095703125,
      33.375701904296875
    ],
    [
      17.249191284179688,
      31.434654235839844
    ],
    [
      16.080224990844727,
      28.86729621887207
    ],
    [
      15.668795585632324,
      26.062652587890625
    ],
    [
      15.761971473693848,
      23.229526519775391
    ],
    [
      16.107805252075195,
      20.412246704101563
    ],
    [
      16.453638076782227,
      17.594966888427734
    ],
    [
      17.048458099365234,
      14.823415756225586
    ],
    [
      17.781553268432617,
      12.376151084899902
    ]
  ],
  "Headings": [
    -1.5675190687179565,
    -1.1828323602676392,
    -1.1828323602676392,
    -1.1828323602676392,
    -1.5675190687179565,
    -1.5675190687179565,
    -1.952206015586853,
    -1.7736722230911255,
    -1.3889849185943604,
    -1.0042983293533325,
    -0.61961102485656738,
    -0.23492436110973358,
    -0.056390304118394852,
    0.1221432164311409,
    0.1221432164311409,
    0.1221432164311409,
    0.30067726969718933,
    0.1221432164311409
  ],
  "HitchAngles": [
    -0.0079564601182937622,
    -0.39001727104187012,
    -0.2645307183265686,
    -0.17823737859725952,
    0.26496589183807373,
    0.35139811038970947,
    0.84969174861907959,
    0.91905051469802856,
    0.79676157236099243,
    0.64809191226959229,
    0.46264481544494629,
    0.22526443004608154,
    0.12045104801654816,
    -0.018423749133944511,
    -0.024504277855157852,
    -0.032591231167316437,
    -0.22187966108322144,
    -0.11597746610641479
  ]
}