{
  "Positions": [
    [
      19.849456787109375,
      29.790813446044922
    ],
    [
      22.618556976318359,
      29.252408981323242
    ],
    [
      24.983236312866211,
      27.714193344116211
    ],
    [
      27.187744140625,
      25.932220458984375
    ],
    [
      29.788000106811523,
      24.838390350341797
    ],
    [
      32.566501617431641,
      24.25822639465332
    ],
    [
      35.345005035400391,
      23.678062438964844
    ],
    [
      38.123508453369141,
      23.097898483276367
    ],
    [
      40.902011871337891,
      22.517734527587891
    ],
    [
      43.680515289306641,
      21.937570571899414
    ],
    [
      46.501213073730469,
      21.899478912353516
    ],
    [
      49.234600067138672,
      22.650398254394531
    ],
    [
      51.791187286376953,
      23.874795913696289
    ],
    [
      54.089698791503906,
      25.533746719360352
    ],
    [
      56.234016418457031,
      27.393470764160156
    ],
    [
      58.532527923583984,
      29.052423477172852
    ],
    [
      61.188629150390625,
      30.002649307250977
    ],
    [
      58.37005615234375,
      30.118621826171875
    ],
    [
      55.551483154296875,
      30.234594345092773
    ],
    [
      52.79840087890625,
      29.559446334838867
    ],
    [
      50.353263854980469,
      28.15263557434082
    ],
    [
      48.614761352539063,
      25.931056976318359
    ],
    [
      47.837005615234375,
      23.21943473815918
    ],
    [
      47.590427398681641,
      20.391738891601563
    ],
    [
      47.887100219726563,
      17.58642578125
    ],
    [
      48.473686218261719,
      14.813119888305664
    ],
    [
      49.52716064453125,
      12.407855987548828
    ]
  ],
  "Headings": [
    -1.5704900511039455,
    -1.95517700968324,
    -2.3398639682625344,
    -2.1613301775404636,
    -1.7766432189611692,
    -1.7766432189611692,
    -1.7766432189611692,
    -1.7766432189611692,
    -1.7766432189611692,
    -1.7766432189611692,
    -1.3919565266979816,
    -1.2134224696598039,
    -1.0348889452538401,
    -0.85635488821566241,
    -0.85635488821566241,
    -1.0348889452538401,
    -1.4195756375170276,
    -1.8042628624124291,
    -1.4195756375170276,
    -1.24104158047885,
    -0.85635488821566241,
    -0.47166819595247489,
    -0.086980971057073475,
    -0.086980971057073475,
    0.29770572120611405,
    0.11917166416793634,
    0.11917166416793634
  ],
  "HitchAngles": [
    -0.00048576057906757342,
    0.38436138713855428,
    0.64529045187221357,
    0.26825475504544727,
    -0.20391185150117508,
    -0.13707609603784476,
    -0.091975463326718909,
    -0.061661766137603991,
    -0.0413232050502188,
    -0.027688353006851685,
    -0.40323773964075826,
    -0.45226067597496922,
    -0.48656272318169158,
    -0.51076872677413121,
    -0.34942484180703559,
    -0.057896056385402517,
    0.34588876311804739,
    0.842473494036291,
    0.70409983934638376,
    0.73922300568984411,
    0.57689514928661367,
    0.37222522898701982,
    0.10757359771048414,
    0.14300961890057806,
    -0.19463765939292443,
    -0.07993850792502144,
    -0.10629421513272064
  ]
}