{
  "Positions": [
    [
      22.277156829833984,
      29.79550552368164
    ],
    [
      21.402531543587866,
      26.406548367171855
    ],
    [
      18.61791486379894,
      24.286192277586593
    ],
    [
      18.372737327838973,
      20.7947902703894
    ],
    [
      18.127559791879005,
      17.303388263192204
    ],
    [
      17.101593834163392,
      13.95713754730006
    ],
    [
      17.781553268432617,
      12.376151084899902
    ]
  ],
  "Headings": [
    -3.394162338109741,
    -4.06159784593657,
    -3.211700796062333,
    -3.211700796062333,
    -3.4390949403942876,
    -2.7354223962363546,
    -2.7354223962363546
  ],
  "HitchAngles": [
    0.0,
    0.0,
    0.0,
    0.0,
    0.0,
    0.0,
    0.0
  ]
}