{
  "Positions": [
    [
      48.0,
      26.0
    ],
    [
      48.255577274506145,
      22.509343864435223
    ],
    [
      51.27001220544261,
      20.730810185487858
    ],
    [
      54.28444713637908,
      18.952276506540493
    ],
    [
      57.76540051339219,
      18.58763478229459
    ],
    [
      60.621032547545994,
      16.563933795114277
    ],
    [
      62.45064494338008,
      19.547642641669228
    ],
    [
      65.43683294892432,
      21.373205895994783
    ],
    [
      68.77244283130516,
      22.433256230914438
    ],
    [
      72.02655997803758,
      21.144566355365612
    ],
    [
      71.951380421858,
      19.49348025853303
    ],
    [
      74.50155277376543,
      17.096269175718888
    ],
    [
      73.52360385671014,
      13.735671622361687
    ],
    [
      72.54565493965485,
      10.375074069004487
    ],
    [
      72.0,
      8.5
    ]
  ],
  "Headings": [
    -3.0685055239353627,
    -2.103834637430504,
    -2.103834637430504,
    -1.6751690737709812,
    -2.187317468004271,
    -0.5500694069631695,
    -1.0220834393790246,
    -1.2630920667297085,
    -1.947865480900934,
    -3.1870946201542596,
    -2.3252867264099857,
    -3.424776375741093,
    -3.424776375741093,
    -3.42477637574109,
    -3.42477637574109
  ],
  "HitchAngles": [
    0.0,
    0.0,
    0.0,
    0.0,
    0.0,
    0.0,
    0.0,
    0.0,
    0.0,
    0.0,
    0.0,
    0.0,
    0.0,
    0.0,
    0.0
  ]
}