{
  "Positions": [
    [
      22.2772,
      29.7955
    ],
    [
      17.7816,
      12.3762
    ]
  ],
  "Headings": [
    -3.394162338109741,
    -2.7354223962363546
  ],
  "HitchAngles": [
    0.0,
    0.0
  ]
}