{
  "Positions": [
    [
      47.829998016357422,
      30.000560760498047
    ],
    [
      44.991573333740234,
      29.998628616333008
    ],
    [
      42.153148651123047,
      29.996696472167969
    ],
    [
      39.3296012878418,
      30.247478485107422
    ],
    [
      36.53594970703125,
      30.749643325805664
    ],
    [
      33.801822662353516,
      31.49786376953125
    ],
    [
      31.141752243041992,
      32.488162994384766
    ],
    [
      28.407625198364258,
      33.236385345458984
    ],
    [
      25.584083557128906,
      33.487167358398438
    ],
    [
      22.815515518188477,
      32.946029663085938
    ],
    [
      20.185256958007813,
      31.879064559936523
    ],
    [
      17.822099685668945,
      30.338518142700195
    ],
    [
      15.784470558166504,
      28.362478256225586
    ],
    [
      14.172141075134277,
      26.047698974609375
    ],
    [
      13.546311378479004,
      23.297037124633789
    ],
    [
      13.998458862304688,
      20.512552261352539
    ],
    [
      14.980593681335449,
      17.849456787109375
    ],
    [
      15.962728500366211,
      15.186361312866211
    ],
    [
      15.499518394470215,
      12.152990341186523
    ]
  ],
  "Headings": [
    -1.5701156106575809,
    -1.5701156106575809,
    -1.5701156106575809,
    -1.7486496676957586,
    -1.7486496676957586,
    -1.9271831921017224,
    -1.9271831921017224,
    -1.7486496676957586,
    -1.5701156106575809,
    -1.1854283857621795,
    -1.1854283857621795,
    -0.80074169349899194,
    -0.80074169349899194,
    -0.41605446860359052,
    -0.031367776340403,
    0.35331891592278453,
    0.35331891592278453,
    0.35331891592278453,
    -0.031367776340403
  ],
  "HitchAngles": [
    -0.00078989357319869669,
    -0.0010503507257908495,
    -0.0013970942970331635,
    0.1766757032439159,
    0.23468467765866308,
    0.4899669088187153,
    0.64528725607893023,
    0.66525450593420743,
    0.69044694438677112,
    0.51596262322885167,
    0.67880000892369452,
    0.50133784092645683,
    0.65995940935884789,
    0.47762036094269433,
    0.24464703058725945,
    -0.060097425325409404,
    -0.079920398429749184,
    -0.1062697140508817,
    0.24340866068996547
  ]
}
