{
  "Positions": [
    [
      19.849773406982422,
      29.790317535400391
    ],
    [
      22.67308235168457,
      30.043718338012695
    ],
    [
      25.466268539428711,
      30.548473358154297
    ],
    [
      28.286966323852539,
      30.510211944580078
    ],
    [
      31.102363586425781,
      30.180324554443359
    ],
    [
      33.939727783203125,
      30.102638244628906
    ],
    [
      36.722385406494141,
      30.565902709960938
    ],
    [
      39.279045104980469,
      31.790145874023438
    ],
    [
      41.577659606933594,
      33.448959350585938
    ],
    [
      43.722087860107422,
      35.308555603027344
    ],
    [
      40.849006652832031,
      34.434207916259766
    ],
    [
      38.1634521484375,
      33.515254974365234
    ],
    [
      35.477897644042969,
      32.5963020324707
    ],
    [
      33.032676696777344,
      31.18963623046875
    ],
    [
      31.065181732177734,
      29.148984909057617
    ],
    [
      29.491355895996094,
      26.79136848449707
    ],
    [
      28.132167816162109,
      24.299526214599609
    ],
    [
      27.279664993286133,
      21.610466003417969
    ],
    [
      27.207691192626953,
      18.77672004699707
    ],
    [
      27.38886833190918,
      15.94408130645752
    ],
    [
      28.411405563354492,
      12.816699981689453
    ]
  ],
  "Headings": [
    -1.5705502033233643,
    -1.3920161724090576,
    -1.3920161724090576,
    -1.7767033576965332,
    -1.5981693267822266,
    -1.5981693267822266,
    -1.213482141494751,
    -1.0349485874176025,
    -0.8564145565032959,
    -0.8564145565032959,
    -1.2411017417907715,
    -1.2411017417907715,
    -1.2411017417907715,
    -0.8564145565032959,
    -0.67788100242614746,
    -0.49934697151184082,
    -0.49934697151184082,
    -0.11465973407030106,
    0.063873253762722015,
    0.063873253762722015,
    0.24240730702877045
  ],
  "HitchAngles": [
    -0.00046339002437889576,
    -0.17884404957294464,
    -0.12013093382120132,
    0.30410996079444885,
    0.026744795963168144,
    0.017918679863214493,
    -0.37268170714378357,
    -0.43104007840156555,
    -0.47167351841926575,
    -0.32170665264129639,
    0.34640190005302429,
    0.45845893025398254,
    0.60452789068222046,
    0.4074324369430542,
    0.35968184471130371,
    0.29731765389442444,
    0.39400789141654968,
    0.136023610830307,
    0.0022471752017736435,
    0.0029885992407798767,
    -0.17455902695655823
  ]
}