{
  "Positions": [
    [
      22.277156829833984,
      29.79550552368164
    ],
    [
      19.2617439550529,
      28.01863040296987
    ],
    [
      18.932024625840608,
      24.534195705067813
    ],
    [
      17.798428487142775,
      21.222857638012538
    ],
    [
      17.791752199455697,
      17.722864005563657
    ],
    [
      17.78507591176862,
      14.222870373114777
    ],
    [
      17.781553268432617,
      12.376151084899902
    ]
  ],
  "Headings": [
    -4.179900785853901,
    -3.2359380763033934,
    -3.471425205697761,
    -3.143500165514309,
    -3.143500165514309,
    -3.1435001655143084,
    -3.1435001655143084
  ],
  "HitchAngles": [
    0.0,
    0.0,
    0.0,
    0.0,
    0.0,
    0.0,
    0.0
  ]
}