{
  "Positions": [
    [
      82.5,
      24.0
    ],
    [
      81.13963934356312,
      22.53391034229873
    ],
    [
      79.22358380566058,
      21.960559511067977
    ],
    [
      77.22512409495152,
      21.88208158632055
    ],
    [
      75.41134867447882,
      21.039336830128573
    ],
    [
      73.48912692385744,
      20.487011254550072
    ],
    [
      71.81425821948706,
      19.393935400310916
    ],
    [
      70.32844168659996,
      20.732721877162
    ],
    [
      68.36213576707358,
      21.09829133818895
    ],
    [
      66.59398782905947,
      20.163597340510325
    ],
    [
      64.61698746169542,
      20.466036669041483
    ],
    [
      62.619280017604304,
      20.56177050748404
    ],
    [
      60.65322310063129,
      20.194864253486426
    ],
    [
      59.208217052427045,
      21.025450986291176
    ],
    [
      57.2177184153331,
      21.22016918196674
    ],
    [
      55.78058688406698,
      22.611087210407195
    ],
    [
      53.912617187507635,
      21.896461985036574
    ],
    [
      52.05228213527742,
      21.162191262861423
    ],
    [
      50.12582936293927,
      20.62480898184477
    ],
    [
      48.34757466786402,
      19.70948923473841
    ],
    [
      48.2560671063208,
      17.711583739931307
    ],
    [
      48.538780842916225,
      15.731666331769983
    ],
    [
      48.82149457951165,
      13.751748923608659
    ],
    [
      49.104208316107076,
      11.771831515447335
    ],
    [
      49.3869220527025,
      9.791914107286011
    ],
    [
      49.5,
      9.0
    ]
  ],
  "Headings": [
    -3.8896012590787077,
    -4.421634191283367,
    -4.673139941681226,
    -4.277430908002204,
    -4.432589650610622,
    -4.134164489009236,
    0.837404578398802,
    1.3869781682629188,
    -4.2261014723368415,
    1.4189943167778862,
    1.5229111095854266,
    -4.527890928885174,
    1.0491137924860516,
    1.4732827613665687,
    0.8017378310766037,
    -4.347000011347257,
    -4.336461540750108,
    -4.440355035488492,
    -4.237027506314196,
    -3.1873624129769675,
    -2.999760741338843,
    -2.999760741338843,
    -2.999760741338843,
    -2.999760741338843,
    -2.9997607413388394,
    -2.9997607413388394
  ],
  "HitchAngles": [
    0.0,
    0.0,
    0.0,
    0.0,
    0.0,
    0.0,
    0.0,
    0.0,
    0.0,
    0.0,
    0.0,
    0.0,
    0.0,
    0.0,
    0.0,
    0.0,
    0.0,
    0.0,
    0.0,
    0.0,
    0.0,
    0.0,
    0.0,
    0.0,
    0.0,
    0.0
  ]
}