{
  "Positions": [
    [
      15.0,
      60.0
    ],
    [
      16.82614230221139,
      59.18439942859627
    ],
    [
      16.023591505945028,
      57.35248452352775
    ],
    [
      14.817680061507843,
      55.75693521743426
    ],
    [
      14.849187036699442,
      53.757183405204984
    ],
    [
      13.41744996567838,
      52.36071322669632
    ],
    [
      11.769005837050106,
      51.22817980344075
    ],
    [
      12.100551457608905,
      49.25585186379981
    ],
    [
      13.38779730250182,
      47.725166352401104
    ],
    [
      15.007765483997746,
      46.55226265177569
    ],
    [
      14.034797153796298,
      44.80488386386936
    ],
    [
      14.125275164233969,
      42.80693147964514
    ],
    [
      12.466003951037214,
      41.69032096516098
    ],
    [
      11.65497660137233,
      39.86214300935483
    ],
    [
      11.932791245519114,
      37.881532239037355
    ],
    [
      12.2106058896659,
      35.90092146871988
    ],
    [
      11.449555468356703,
      34.05138037530641
    ],
    [
      12.871080177680366,
      32.64451595369988
    ],
    [
      13.792114269872084,
      30.86921423257736
    ],
    [
      14.848436913681292,
      29.17092613211386
    ],
    [
      15.03975573240932,
      27.180097884976373
    ],
    [
      16.755110127964763,
      26.151720863817
    ],
    [
      15.8073150139954,
      25.456858371230876
    ],
    [
      16.35893447519231,
      23.5344338681544
    ],
    [
      16.577401905638595,
      21.546401679824896
    ],
    [
      16.34216092011692,
      19.560284442919986
    ],
    [
      16.106919934595247,
      17.574167206015076
    ],
    [
      15.871678949073575,
      15.588049969110166
    ],
    [
      14.601094089291488,
      14.043506633980805
    ],
    [
      15.5,
      12.45
    ]
  ],
  "Headings": [
    -1.9908399512750001,
    -3.5545014963868806,
    -3.7887935567706585,
    -3.125838514324485,
    -3.93945986951722,
    -4.110419679488716,
    -2.9750510408840594,
    -2.4423700298984654,
    -2.1974676669204167,
    -3.6496537525523953,
    -3.0963382033622224,
    -4.120047343378738,
    -3.559133366979184,
    -3.0022346992197804,
    -3.0022346992197804,
    -3.5319568199313793,
    -2.3510112725544094,
    -2.663015054887759,
    -2.585158881255455,
    -3.0457867480549146,
    -2.110857559578954,
    -4.0797686363085806,
    -2.8621606472712813,
    -3.0321405340909067,
    -3.259486053815813,
    -3.259486053815813,
    -3.259486053815812,
    -3.8299797766203247,
    -2.627984395888571,
    -2.627984395888571
  ],
  "HitchAngles": [
    0.0,
    0.0,
    0.0,
    0.0,
    0.0,
    0.0,
    0.0,
    0.0,
    0.0,
    0.0,
    0.0,
    0.0,
    0.0,
    0.0,
    0.0,
    0.0,
    0.0,
    0.0,
    0.0,
    0.0,
    0.0,
    0.0,
    0.0,
    0.0,
    0.0,
    0.0,
    0.0,
    0.0,
    0.0,
    0.0
  ]
}