{
  "Positions": [
    [
      19.816513061523438,
      29.789880752563477
    ],
    [
      21.13864864982457,
      28.28922839903598
    ],
    [
      23.13055716560189,
      28.468951699622757
    ],
    [
      24.060385060825617,
      26.69823995423227
    ],
    [
      25.084861741443177,
      24.98055327416782
    ],
    [
      25.905730414376535,
      23.156772963440503
    ],
    [
      27.449035485864172,
      21.884684343760043
    ],
    [
      29.36314918725719,
      21.304883741708338
    ],
    [
      31.14126526977276,
      20.389294752532802
    ],
    [
      33.08508195557847,
      19.9185754179147
    ],
    [
      34.74319701337164,
      21.03690204959237
    ],
    [
      36.70403233434206,
      21.430760963462347
    ],
    [
      38.68363077967416,
      21.715699544982535
    ],
    [
      40.48389033880908,
      22.586943207652936
    ],
    [
      42.36026225702734,
      21.894679945214474
    ],
    [
      44.18804075793183,
      21.082752761514286
    ],
    [
      45.89043880119658,
      20.033066664488917
    ],
    [
      45.48099524911706,
      18.07542625377491
    ],
    [
      45.77104201083291,
      16.09656979712674
    ],
    [
      43.771150279919674,
      16.075759592301686
    ],
    [
      43.63256529109168,
      14.080566819441994
    ],
    [
      44.973182678222656,
      13.266952514648438
    ]
  ],
  "Headings": [
    -2.419351676658148,
    -1.480813294358844,
    -2.6580552401053703,
    -2.6038036562831213,
    -2.718662338935654,
    -2.260157435320488,
    -1.8649189904320802,
    -2.0463092148126423,
    -1.8083849413093203,
    -0.9774200698199409,
    -1.3725712693007135,
    -1.4278406182148327,
    -1.1200673413219666,
    -1.924241034664072,
    -1.988829296603524,
    -2.123327040700243,
    -3.347772108203386,
    -2.996056050450272,
    -4.701983690209608,
    -3.2109407188958023,
    -2.1162704337512217,
    -2.1162704337512217
  ],
  "HitchAngles": [
    0.0,
    0.0,
    0.0,
    0.0,
    0.0,
    0.0,
    0.0,
    0.0,
    0.0,
    0.0,
    0.0,
    0.0,
    0.0,
    0.0,
    0.0,
    0.0,
    0.0,
    0.0,
    0.0,
    0.0,
    0.0,
    0.0
  ]
}